trial,min_weight_on_accessible,max_blocked,sum_blocked
0,0.198441,0.0000000000,0.0000000000
1,0.198297,0.0000000000,0.0000000000
2,0.196087,0.0000000000,0.0000000000
3,0.198647,0.0000000000,0.0000000000
4,0.198185,0.0000000000,0.0000000000
5,0.197166,0.0000000000,0.0000000000
6,0.198504,0.0000000000,0.0000000000
7,0.193808,0.0000000000,0.0000000000
8,0.198998,0.0000000000,0.0000000000
9,0.196588,0.0000000000,0.0000000000
10,0.197404,0.0000000000,0.0000000000
11,0.198320,0.0000000000,0.0000000000
12,0.197422,0.0000000000,0.0000000000
13,0.194115,0.0000000000,0.0000000000
14,0.198150,0.0000000000,0.0000000000
15,0.197867,0.0000000000,0.0000000000
16,0.199395,0.0000000000,0.0000000000
17,0.197004,0.0000000000,0.0000000000
18,0.196670,0.0000000000,0.0000000000
19,0.196916,0.0000000000,0.0000000000
20,0.196165,0.0000000000,0.0000000000
21,0.197835,0.0000000000,0.0000000000
22,0.196212,0.0000000000,0.0000000000
23,0.193301,0.0000000000,0.0000000000
24,0.198656,0.0000000000,0.0000000000
25,0.194514,0.0000000000,0.0000000000
26,0.197607,0.0000000000,0.0000000000
27,0.197461,0.0000000000,0.0000000000
28,0.197579,0.0000000000,0.0000000000
29,0.199388,0.0000000000,0.0000000000
30,0.196719,0.0000000000,0.0000000000
31,0.199458,0.0000000000,0.0000000000
32,0.195953,0.0000000000,0.0000000000
33,0.196523,0.0000000000,0.0000000000
34,0.197949,0.0000000000,0.0000000000
35,0.198868,0.0000000000,0.0000000000
36,0.199075,0.0000000000,0.0000000000
37,0.195800,0.0000000000,0.0000000000
38,0.197974,0.0000000000,0.0000000000
39,0.194148,0.0000000000,0.0000000000
40,0.198116,0.0000000000,0.0000000000
41,0.199472,0.0000000000,0.0000000000
42,0.194852,0.0000000000,0.0000000000
43,0.197249,0.0000000000,0.0000000000
44,0.196537,0.0000000000,0.0000000000
45,0.195904,0.0000000000,0.0000000000
46,0.197382,0.0000000000,0.0000000000
47,0.198313,0.0000000000,0.0000000000
48,0.193912,0.0000000000,0.0000000000
49,0.198301,0.0000000000,0.0000000000
50,0.199539,0.0000000000,0.0000000000
51,0.195537,0.0000000000,0.0000000000
52,0.196451,0.0000000000,0.0000000000
53,0.197931,0.0000000000,0.0000000000
54,0.196960,0.0000000000,0.0000000000
55,0.199468,0.0000000000,0.0000000000
56,0.195913,0.0000000000,0.0000000000
57,0.197217,0.0000000000,0.0000000000
58,0.196757,0.0000000000,0.0000000000
59,0.196119,0.0000000000,0.0000000000
60,0.199640,0.0000000000,0.0000000000
61,0.196591,0.0000000000,0.0000000000
62,0.196417,0.0000000000,0.0000000000
63,0.196923,0.0000000000,0.0000000000
64,0.192882,0.0000000000,0.0000000000
65,0.197379,0.0000000000,0.0000000000
66,0.197323,0.0000000000,0.0000000000
67,0.196700,0.0000000000,0.0000000000
68,0.193829,0.0000000000,0.0000000000
69,0.198315,0.0000000000,0.0000000000
70,0.198615,0.0000000000,0.0000000000
71,0.198233,0.0000000000,0.0000000000
72,0.196366,0.0000000000,0.0000000000
73,0.195029,0.0000000000,0.0000000000
74,0.195949,0.0000000000,0.0000000000
75,0.198596,0.0000000000,0.0000000000
76,0.194485,0.0000000000,0.0000000000
77,0.197280,0.0000000000,0.0000000000
78,0.196840,0.0000000000,0.0000000000
79,0.198733,0.0000000000,0.0000000000
80,0.198310,0.0000000000,0.0000000000
81,0.198704,0.0000000000,0.0000000000
82,0.197971,0.0000000000,0.0000000000
83,0.199131,0.0000000000,0.0000000000
84,0.199525,0.0000000000,0.0000000000
85,0.196606,0.0000000000,0.0000000000
86,0.197727,0.0000000000,0.0000000000
87,0.196207,0.0000000000,0.0000000000
88,0.198081,0.0000000000,0.0000000000
89,0.196629,0.0000000000,0.0000000000
90,0.194024,0.0000000000,0.0000000000
91,0.199368,0.0000000000,0.0000000000
92,0.196848,0.0000000000,0.0000000000
93,0.198434,0.0000000000,0.0000000000
94,0.197600,0.0000000000,0.0000000000
95,0.198093,0.0000000000,0.0000000000
96,0.198652,0.0000000000,0.0000000000
97,0.197081,0.0000000000,0.0000000000
98,0.199763,0.0000000000,0.0000000000
99,0.198181,0.0000000000,0.0000000000
100,0.197190,0.0000000000,0.0000000000
101,0.194420,0.0000000000,0.0000000000
102,0.197646,0.0000000000,0.0000000000
103,0.197569,0.0000000000,0.0000000000
104,0.193596,0.0000000000,0.0000000000
105,0.193693,0.0000000000,0.0000000000
106,0.198471,0.0000000000,0.0000000000
107,0.196945,0.0000000000,0.0000000000
108,0.198229,0.0000000000,0.0000000000
109,0.194717,0.0000000000,0.0000000000
110,0.196644,0.0000000000,0.0000000000
111,0.196963,0.0000000000,0.0000000000
112,0.196348,0.0000000000,0.0000000000
113,0.195444,0.0000000000,0.0000000000
114,0.196576,0.0000000000,0.0000000000
115,0.198523,0.0000000000,0.0000000000
116,0.196429,0.0000000000,0.0000000000
117,0.198862,0.0000000000,0.0000000000
118,0.195724,0.0000000000,0.0000000000
119,0.198522,0.0000000000,0.0000000000
120,0.199214,0.0000000000,0.0000000000
121,0.195250,0.0000000000,0.0000000000
122,0.198705,0.0000000000,0.0000000000
123,0.195799,0.0000000000,0.0000000000
124,0.195243,0.0000000000,0.0000000000
125,0.195133,0.0000000000,0.0000000000
126,0.195380,0.0000000000,0.0000000000
127,0.197477,0.0000000000,0.0000000000
128,0.197096,0.0000000000,0.0000000000
129,0.196795,0.0000000000,0.0000000000
130,0.193005,0.0000000000,0.0000000000
131,0.191748,0.0000000000,0.0000000000
132,0.196398,0.0000000000,0.0000000000
133,0.196662,0.0000000000,0.0000000000
134,0.199103,0.0000000000,0.0000000000
135,0.196759,0.0000000000,0.0000000000
136,0.195510,0.0000000000,0.0000000000
137,0.198370,0.0000000000,0.0000000000
138,0.198536,0.0000000000,0.0000000000
139,0.198211,0.0000000000,0.0000000000
140,0.199518,0.0000000000,0.0000000000
141,0.199142,0.0000000000,0.0000000000
142,0.196681,0.0000000000,0.0000000000
143,0.196598,0.0000000000,0.0000000000
144,0.196362,0.0000000000,0.0000000000
145,0.195639,0.0000000000,0.0000000000
146,0.198554,0.0000000000,0.0000000000
147,0.197643,0.0000000000,0.0000000000
148,0.197051,0.0000000000,0.0000000000
149,0.195049,0.0000000000,0.0000000000
150,0.196471,0.0000000000,0.0000000000
151,0.194494,0.0000000000,0.0000000000
152,0.194846,0.0000000000,0.0000000000
153,0.195956,0.0000000000,0.0000000000
154,0.196399,0.0000000000,0.0000000000
155,0.196843,0.0000000000,0.0000000000
156,0.197231,0.0000000000,0.0000000000
157,0.193022,0.0000000000,0.0000000000
158,0.197636,0.0000000000,0.0000000000
159,0.198172,0.0000000000,0.0000000000
160,0.195246,0.0000000000,0.0000000000
161,0.197808,0.0000000000,0.0000000000
162,0.198137,0.0000000000,0.0000000000
163,0.199243,0.0000000000,0.0000000000
164,0.193833,0.0000000000,0.0000000000
165,0.198394,0.0000000000,0.0000000000
166,0.196522,0.0000000000,0.0000000000
167,0.197953,0.0000000000,0.0000000000
168,0.197778,0.0000000000,0.0000000000
169,0.198370,0.0000000000,0.0000000000
170,0.196157,0.0000000000,0.0000000000
171,0.195234,0.0000000000,0.0000000000
172,0.197148,0.0000000000,0.0000000000
173,0.195182,0.0000000000,0.0000000000
174,0.198315,0.0000000000,0.0000000000
175,0.195202,0.0000000000,0.0000000000
176,0.196963,0.0000000000,0.0000000000
177,0.198212,0.0000000000,0.0000000000
178,0.197479,0.0000000000,0.0000000000
179,0.193531,0.0000000000,0.0000000000
180,0.196006,0.0000000000,0.0000000000
181,0.194700,0.0000000000,0.0000000000
182,0.196981,0.0000000000,0.0000000000
183,0.197000,0.0000000000,0.0000000000
184,0.198450,0.0000000000,0.0000000000
185,0.195017,0.0000000000,0.0000000000
186,0.195402,0.0000000000,0.0000000000
187,0.197353,0.0000000000,0.0000000000
188,0.198356,0.0000000000,0.0000000000
189,0.194861,0.0000000000,0.0000000000
190,0.196726,0.0000000000,0.0000000000
191,0.196477,0.0000000000,0.0000000000
192,0.195069,0.0000000000,0.0000000000
193,0.190672,0.0000000000,0.0000000000
194,0.197330,0.0000000000,0.0000000000
195,0.199688,0.0000000000,0.0000000000
196,0.198655,0.0000000000,0.0000000000
197,0.197226,0.0000000000,0.0000000000
198,0.198836,0.0000000000,0.0000000000
199,0.196807,0.0000000000,0.0000000000
200,0.198057,0.0000000000,0.0000000000
201,0.196532,0.0000000000,0.0000000000
202,0.197113,0.0000000000,0.0000000000
203,0.199137,0.0000000000,0.0000000000
204,0.196392,0.0000000000,0.0000000000
205,0.199277,0.0000000000,0.0000000000
206,0.195789,0.0000000000,0.0000000000
207,0.198771,0.0000000000,0.0000000000
208,0.199035,0.0000000000,0.0000000000
209,0.194171,0.0000000000,0.0000000000
210,0.197695,0.0000000000,0.0000000000
211,0.196962,0.0000000000,0.0000000000
212,0.197441,0.0000000000,0.0000000000
213,0.196063,0.0000000000,0.0000000000
214,0.197601,0.0000000000,0.0000000000
215,0.196930,0.0000000000,0.0000000000
216,0.196089,0.0000000000,0.0000000000
217,0.195987,0.0000000000,0.0000000000
218,0.195825,0.0000000000,0.0000000000
219,0.197388,0.0000000000,0.0000000000
220,0.197616,0.0000000000,0.0000000000
221,0.193510,0.0000000000,0.0000000000
222,0.197005,0.0000000000,0.0000000000
223,0.195454,0.0000000000,0.0000000000
224,0.198635,0.0000000000,0.0000000000
225,0.197823,0.0000000000,0.0000000000
226,0.193179,0.0000000000,0.0000000000
227,0.199638,0.0000000000,0.0000000000
228,0.197704,0.0000000000,0.0000000000
229,0.192342,0.0000000000,0.0000000000
230,0.198379,0.0000000000,0.0000000000
231,0.194819,0.0000000000,0.0000000000
232,0.198720,0.0000000000,0.0000000000
233,0.194410,0.0000000000,0.0000000000
234,0.198403,0.0000000000,0.0000000000
235,0.197710,0.0000000000,0.0000000000
236,0.195962,0.0000000000,0.0000000000
237,0.191632,0.0000000000,0.0000000000
238,0.197027,0.0000000000,0.0000000000
239,0.197859,0.0000000000,0.0000000000
240,0.197751,0.0000000000,0.0000000000
241,0.194218,0.0000000000,0.0000000000
242,0.196333,0.0000000000,0.0000000000
243,0.196215,0.0000000000,0.0000000000
244,0.196329,0.0000000000,0.0000000000
245,0.197182,0.0000000000,0.0000000000
246,0.188112,0.0000000000,0.0000000000
247,0.197593,0.0000000000,0.0000000000
248,0.194254,0.0000000000,0.0000000000
249,0.195761,0.0000000000,0.0000000000
250,0.197708,0.0000000000,0.0000000000
251,0.192925,0.0000000000,0.0000000000
252,0.198415,0.0000000000,0.0000000000
253,0.198611,0.0000000000,0.0000000000
254,0.196155,0.0000000000,0.0000000000
255,0.194210,0.0000000000,0.0000000000
256,0.197031,0.0000000000,0.0000000000
257,0.199495,0.0000000000,0.0000000000
258,0.196767,0.0000000000,0.0000000000
259,0.197717,0.0000000000,0.0000000000
260,0.194926,0.0000000000,0.0000000000
261,0.198461,0.0000000000,0.0000000000
262,0.194918,0.0000000000,0.0000000000
263,0.197608,0.0000000000,0.0000000000
264,0.198729,0.0000000000,0.0000000000
265,0.195012,0.0000000000,0.0000000000
266,0.197850,0.0000000000,0.0000000000
267,0.197467,0.0000000000,0.0000000000
268,0.194767,0.0000000000,0.0000000000
269,0.194540,0.0000000000,0.0000000000
270,0.195400,0.0000000000,0.0000000000
271,0.196544,0.0000000000,0.0000000000
272,0.197478,0.0000000000,0.0000000000
273,0.198314,0.0000000000,0.0000000000
274,0.199467,0.0000000000,0.0000000000
275,0.198784,0.0000000000,0.0000000000
276,0.196822,0.0000000000,0.0000000000
277,0.197119,0.0000000000,0.0000000000
278,0.193339,0.0000000000,0.0000000000
279,0.198288,0.0000000000,0.0000000000
280,0.199861,0.0000000000,0.0000000000
281,0.194478,0.0000000000,0.0000000000
282,0.194553,0.0000000000,0.0000000000
283,0.199258,0.0000000000,0.0000000000
284,0.199420,0.0000000000,0.0000000000
285,0.197619,0.0000000000,0.0000000000
286,0.194101,0.0000000000,0.0000000000
287,0.198715,0.0000000000,0.0000000000
288,0.195545,0.0000000000,0.0000000000
289,0.196413,0.0000000000,0.0000000000
290,0.199191,0.0000000000,0.0000000000
291,0.197546,0.0000000000,0.0000000000
292,0.193809,0.0000000000,0.0000000000
293,0.197026,0.0000000000,0.0000000000
294,0.197343,0.0000000000,0.0000000000
295,0.195815,0.0000000000,0.0000000000
296,0.198845,0.0000000000,0.0000000000
297,0.197503,0.0000000000,0.0000000000
298,0.197635,0.0000000000,0.0000000000
299,0.193367,0.0000000000,0.0000000000
300,0.197295,0.0000000000,0.0000000000
301,0.198948,0.0000000000,0.0000000000
302,0.197045,0.0000000000,0.0000000000
303,0.197111,0.0000000000,0.0000000000
304,0.199176,0.0000000000,0.0000000000
305,0.198437,0.0000000000,0.0000000000
306,0.194492,0.0000000000,0.0000000000
307,0.196923,0.0000000000,0.0000000000
308,0.196429,0.0000000000,0.0000000000
309,0.196600,0.0000000000,0.0000000000
310,0.198305,0.0000000000,0.0000000000
311,0.197013,0.0000000000,0.0000000000
312,0.198190,0.0000000000,0.0000000000
313,0.197527,0.0000000000,0.0000000000
314,0.196306,0.0000000000,0.0000000000
315,0.193399,0.0000000000,0.0000000000
316,0.198150,0.0000000000,0.0000000000
317,0.197436,0.0000000000,0.0000000000
318,0.198606,0.0000000000,0.0000000000
319,0.199024,0.0000000000,0.0000000000
320,0.199084,0.0000000000,0.0000000000
321,0.197398,0.0000000000,0.0000000000
322,0.197247,0.0000000000,0.0000000000
323,0.198911,0.0000000000,0.0000000000
324,0.197988,0.0000000000,0.0000000000
325,0.192207,0.0000000000,0.0000000000
326,0.198161,0.0000000000,0.0000000000
327,0.197473,0.0000000000,0.0000000000
328,0.196552,0.0000000000,0.0000000000
329,0.197500,0.0000000000,0.0000000000
330,0.198293,0.0000000000,0.0000000000
331,0.199094,0.0000000000,0.0000000000
332,0.199057,0.0000000000,0.0000000000
333,0.199078,0.0000000000,0.0000000000
334,0.189771,0.0000000000,0.0000000000
335,0.197036,0.0000000000,0.0000000000
336,0.195951,0.0000000000,0.0000000000
337,0.197083,0.0000000000,0.0000000000
338,0.198264,0.0000000000,0.0000000000
339,0.194975,0.0000000000,0.0000000000
340,0.199683,0.0000000000,0.0000000000
341,0.191831,0.0000000000,0.0000000000
342,0.197107,0.0000000000,0.0000000000
343,0.198898,0.0000000000,0.0000000000
344,0.193051,0.0000000000,0.0000000000
345,0.195972,0.0000000000,0.0000000000
346,0.198363,0.0000000000,0.0000000000
347,0.198788,0.0000000000,0.0000000000
348,0.198082,0.0000000000,0.0000000000
349,0.194445,0.0000000000,0.0000000000
350,0.197592,0.0000000000,0.0000000000
351,0.197043,0.0000000000,0.0000000000
352,0.195149,0.0000000000,0.0000000000
353,0.197986,0.0000000000,0.0000000000
354,0.196984,0.0000000000,0.0000000000
355,0.199504,0.0000000000,0.0000000000
356,0.197910,0.0000000000,0.0000000000
357,0.196685,0.0000000000,0.0000000000
358,0.198933,0.0000000000,0.0000000000
359,0.195634,0.0000000000,0.0000000000
360,0.197595,0.0000000000,0.0000000000
361,0.197324,0.0000000000,0.0000000000
362,0.195969,0.0000000000,0.0000000000
363,0.195773,0.0000000000,0.0000000000
364,0.196487,0.0000000000,0.0000000000
365,0.195197,0.0000000000,0.0000000000
366,0.195270,0.0000000000,0.0000000000
367,0.195538,0.0000000000,0.0000000000
368,0.196711,0.0000000000,0.0000000000
369,0.197897,0.0000000000,0.0000000000
370,0.198661,0.0000000000,0.0000000000
371,0.196656,0.0000000000,0.0000000000
372,0.198915,0.0000000000,0.0000000000
373,0.196766,0.0000000000,0.0000000000
374,0.196585,0.0000000000,0.0000000000
375,0.197712,0.0000000000,0.0000000000
376,0.195179,0.0000000000,0.0000000000
377,0.197883,0.0000000000,0.0000000000
378,0.197136,0.0000000000,0.0000000000
379,0.197187,0.0000000000,0.0000000000
380,0.195889,0.0000000000,0.0000000000
381,0.198152,0.0000000000,0.0000000000
382,0.199197,0.0000000000,0.0000000000
383,0.196541,0.0000000000,0.0000000000
384,0.198922,0.0000000000,0.0000000000
385,0.197754,0.0000000000,0.0000000000
386,0.197295,0.0000000000,0.0000000000
387,0.198684,0.0000000000,0.0000000000
388,0.197061,0.0000000000,0.0000000000
389,0.197912,0.0000000000,0.0000000000
390,0.199117,0.0000000000,0.0000000000
391,0.197780,0.0000000000,0.0000000000
392,0.193514,0.0000000000,0.0000000000
393,0.196981,0.0000000000,0.0000000000
394,0.196157,0.0000000000,0.0000000000
395,0.195973,0.0000000000,0.0000000000
396,0.197099,0.0000000000,0.0000000000
397,0.196096,0.0000000000,0.0000000000
398,0.197202,0.0000000000,0.0000000000
399,0.191849,0.0000000000,0.0000000000
400,0.197096,0.0000000000,0.0000000000
401,0.198209,0.0000000000,0.0000000000
402,0.195983,0.0000000000,0.0000000000
403,0.196195,0.0000000000,0.0000000000
404,0.191893,0.0000000000,0.0000000000
405,0.197691,0.0000000000,0.0000000000
406,0.198591,0.0000000000,0.0000000000
407,0.197150,0.0000000000,0.0000000000
408,0.196790,0.0000000000,0.0000000000
409,0.195688,0.0000000000,0.0000000000
410,0.197810,0.0000000000,0.0000000000
411,0.195970,0.0000000000,0.0000000000
412,0.193311,0.0000000000,0.0000000000
413,0.197297,0.0000000000,0.0000000000
414,0.195610,0.0000000000,0.0000000000
415,0.198592,0.0000000000,0.0000000000
416,0.199413,0.0000000000,0.0000000000
417,0.196419,0.0000000000,0.0000000000
418,0.196428,0.0000000000,0.0000000000
419,0.199019,0.0000000000,0.0000000000
420,0.198187,0.0000000000,0.0000000000
421,0.195815,0.0000000000,0.0000000000
422,0.198454,0.0000000000,0.0000000000
423,0.197753,0.0000000000,0.0000000000
424,0.198313,0.0000000000,0.0000000000
425,0.197608,0.0000000000,0.0000000000
426,0.196248,0.0000000000,0.0000000000
427,0.196948,0.0000000000,0.0000000000
428,0.197660,0.0000000000,0.0000000000
429,0.195326,0.0000000000,0.0000000000
430,0.198215,0.0000000000,0.0000000000
431,0.194895,0.0000000000,0.0000000000
432,0.195899,0.0000000000,0.0000000000
433,0.194901,0.0000000000,0.0000000000
434,0.199055,0.0000000000,0.0000000000
435,0.196457,0.0000000000,0.0000000000
436,0.196878,0.0000000000,0.0000000000
437,0.195410,0.0000000000,0.0000000000
438,0.198340,0.0000000000,0.0000000000
439,0.199932,0.0000000000,0.0000000000
440,0.196250,0.0000000000,0.0000000000
441,0.196098,0.0000000000,0.0000000000
442,0.191430,0.0000000000,0.0000000000
443,0.196808,0.0000000000,0.0000000000
444,0.198113,0.0000000000,0.0000000000
445,0.198415,0.0000000000,0.0000000000
446,0.196802,0.0000000000,0.0000000000
447,0.195697,0.0000000000,0.0000000000
448,0.197725,0.0000000000,0.0000000000
449,0.198651,0.0000000000,0.0000000000
450,0.197383,0.0000000000,0.0000000000
451,0.197264,0.0000000000,0.0000000000
452,0.198612,0.0000000000,0.0000000000
453,0.198502,0.0000000000,0.0000000000
454,0.199079,0.0000000000,0.0000000000
455,0.198594,0.0000000000,0.0000000000
456,0.194844,0.0000000000,0.0000000000
457,0.197497,0.0000000000,0.0000000000
458,0.194770,0.0000000000,0.0000000000
459,0.198183,0.0000000000,0.0000000000
460,0.193632,0.0000000000,0.0000000000
461,0.192025,0.0000000000,0.0000000000
462,0.196169,0.0000000000,0.0000000000
463,0.197861,0.0000000000,0.0000000000
464,0.198756,0.0000000000,0.0000000000
465,0.194599,0.0000000000,0.0000000000
466,0.193153,0.0000000000,0.0000000000
467,0.197734,0.0000000000,0.0000000000
468,0.198971,0.0000000000,0.0000000000
469,0.196667,0.0000000000,0.0000000000
470,0.198285,0.0000000000,0.0000000000
471,0.198859,0.0000000000,0.0000000000
472,0.198901,0.0000000000,0.0000000000
473,0.197285,0.0000000000,0.0000000000
474,0.197919,0.0000000000,0.0000000000
475,0.194725,0.0000000000,0.0000000000
476,0.195863,0.0000000000,0.0000000000
477,0.195946,0.0000000000,0.0000000000
478,0.194984,0.0000000000,0.0000000000
479,0.194869,0.0000000000,0.0000000000
480,0.197595,0.0000000000,0.0000000000
481,0.199495,0.0000000000,0.0000000000
482,0.196581,0.0000000000,0.0000000000
483,0.199120,0.0000000000,0.0000000000
484,0.196588,0.0000000000,0.0000000000
485,0.196076,0.0000000000,0.0000000000
486,0.194430,0.0000000000,0.0000000000
487,0.198649,0.0000000000,0.0000000000
488,0.196309,0.0000000000,0.0000000000
489,0.199247,0.0000000000,0.0000000000
490,0.195763,0.0000000000,0.0000000000
491,0.196159,0.0000000000,0.0000000000
492,0.198781,0.0000000000,0.0000000000
493,0.199463,0.0000000000,0.0000000000
494,0.196190,0.0000000000,0.0000000000
495,0.192416,0.0000000000,0.0000000000
496,0.197186,0.0000000000,0.0000000000
497,0.196853,0.0000000000,0.0000000000
498,0.197673,0.0000000000,0.0000000000
499,0.197548,0.0000000000,0.0000000000
500,0.196398,0.0000000000,0.0000000000
501,0.199606,0.0000000000,0.0000000000
502,0.195432,0.0000000000,0.0000000000
503,0.194748,0.0000000000,0.0000000000
504,0.197547,0.0000000000,0.0000000000
505,0.198507,0.0000000000,0.0000000000
506,0.196203,0.0000000000,0.0000000000
507,0.198251,0.0000000000,0.0000000000
508,0.195990,0.0000000000,0.0000000000
509,0.197335,0.0000000000,0.0000000000
510,0.194070,0.0000000000,0.0000000000
511,0.197642,0.0000000000,0.0000000000
512,0.197700,0.0000000000,0.0000000000
513,0.196088,0.0000000000,0.0000000000
514,0.198254,0.0000000000,0.0000000000
515,0.199055,0.0000000000,0.0000000000
516,0.197213,0.0000000000,0.0000000000
517,0.196985,0.0000000000,0.0000000000
518,0.197449,0.0000000000,0.0000000000
519,0.194350,0.0000000000,0.0000000000
520,0.198449,0.0000000000,0.0000000000
521,0.198727,0.0000000000,0.0000000000
522,0.196900,0.0000000000,0.0000000000
523,0.196940,0.0000000000,0.0000000000
524,0.196558,0.0000000000,0.0000000000
525,0.194152,0.0000000000,0.0000000000
526,0.197187,0.0000000000,0.0000000000
527,0.197667,0.0000000000,0.0000000000
528,0.196461,0.0000000000,0.0000000000
529,0.196378,0.0000000000,0.0000000000
530,0.196688,0.0000000000,0.0000000000
531,0.197128,0.0000000000,0.0000000000
532,0.194470,0.0000000000,0.0000000000
533,0.195013,0.0000000000,0.0000000000
534,0.196956,0.0000000000,0.0000000000
535,0.197111,0.0000000000,0.0000000000
536,0.197515,0.0000000000,0.0000000000
537,0.193867,0.0000000000,0.0000000000
538,0.192488,0.0000000000,0.0000000000
539,0.197188,0.0000000000,0.0000000000
540,0.197574,0.0000000000,0.0000000000
541,0.198280,0.0000000000,0.0000000000
542,0.196276,0.0000000000,0.0000000000
543,0.198415,0.0000000000,0.0000000000
544,0.198099,0.0000000000,0.0000000000
545,0.193261,0.0000000000,0.0000000000
546,0.197733,0.0000000000,0.0000000000
547,0.197568,0.0000000000,0.0000000000
548,0.197199,0.0000000000,0.0000000000
549,0.196304,0.0000000000,0.0000000000
550,0.198060,0.0000000000,0.0000000000
551,0.198138,0.0000000000,0.0000000000
552,0.199604,0.0000000000,0.0000000000
553,0.194427,0.0000000000,0.0000000000
554,0.192493,0.0000000000,0.0000000000
555,0.196107,0.0000000000,0.0000000000
556,0.196369,0.0000000000,0.0000000000
557,0.196272,0.0000000000,0.0000000000
558,0.196120,0.0000000000,0.0000000000
559,0.194122,0.0000000000,0.0000000000
560,0.198065,0.0000000000,0.0000000000
561,0.196674,0.0000000000,0.0000000000
562,0.196159,0.0000000000,0.0000000000
563,0.194980,0.0000000000,0.0000000000
564,0.199618,0.0000000000,0.0000000000
565,0.195014,0.0000000000,0.0000000000
566,0.197367,0.0000000000,0.0000000000
567,0.196451,0.0000000000,0.0000000000
568,0.196755,0.0000000000,0.0000000000
569,0.198293,0.0000000000,0.0000000000
570,0.193522,0.0000000000,0.0000000000
571,0.199156,0.0000000000,0.0000000000
572,0.198696,0.0000000000,0.0000000000
573,0.196788,0.0000000000,0.0000000000
574,0.195571,0.0000000000,0.0000000000
575,0.198876,0.0000000000,0.0000000000
576,0.196043,0.0000000000,0.0000000000
577,0.194250,0.0000000000,0.0000000000
578,0.195266,0.0000000000,0.0000000000
579,0.197810,0.0000000000,0.0000000000
580,0.195270,0.0000000000,0.0000000000
581,0.196693,0.0000000000,0.0000000000
582,0.199084,0.0000000000,0.0000000000
583,0.194613,0.0000000000,0.0000000000
584,0.197036,0.0000000000,0.0000000000
585,0.197463,0.0000000000,0.0000000000
586,0.198853,0.0000000000,0.0000000000
587,0.196910,0.0000000000,0.0000000000
588,0.196733,0.0000000000,0.0000000000
589,0.196218,0.0000000000,0.0000000000
590,0.199173,0.0000000000,0.0000000000
591,0.196612,0.0000000000,0.0000000000
592,0.196631,0.0000000000,0.0000000000
593,0.196862,0.0000000000,0.0000000000
594,0.196396,0.0000000000,0.0000000000
595,0.198273,0.0000000000,0.0000000000
596,0.196019,0.0000000000,0.0000000000
597,0.195683,0.0000000000,0.0000000000
598,0.197639,0.0000000000,0.0000000000
599,0.193861,0.0000000000,0.0000000000
600,0.198241,0.0000000000,0.0000000000
601,0.198153,0.0000000000,0.0000000000
602,0.196344,0.0000000000,0.0000000000
603,0.197609,0.0000000000,0.0000000000
604,0.195622,0.0000000000,0.0000000000
605,0.196908,0.0000000000,0.0000000000
606,0.199102,0.0000000000,0.0000000000
607,0.195924,0.0000000000,0.0000000000
608,0.198178,0.0000000000,0.0000000000
609,0.195714,0.0000000000,0.0000000000
610,0.193561,0.0000000000,0.0000000000
611,0.197317,0.0000000000,0.0000000000
612,0.197875,0.0000000000,0.0000000000
613,0.196134,0.0000000000,0.0000000000
614,0.195758,0.0000000000,0.0000000000
615,0.197245,0.0000000000,0.0000000000
616,0.198073,0.0000000000,0.0000000000
617,0.195302,0.0000000000,0.0000000000
618,0.197992,0.0000000000,0.0000000000
619,0.198733,0.0000000000,0.0000000000
620,0.198317,0.0000000000,0.0000000000
621,0.195322,0.0000000000,0.0000000000
622,0.196460,0.0000000000,0.0000000000
623,0.195190,0.0000000000,0.0000000000
624,0.198979,0.0000000000,0.0000000000
625,0.198315,0.0000000000,0.0000000000
626,0.196290,0.0000000000,0.0000000000
627,0.196667,0.0000000000,0.0000000000
628,0.198604,0.0000000000,0.0000000000
629,0.199028,0.0000000000,0.0000000000
630,0.198106,0.0000000000,0.0000000000
631,0.196654,0.0000000000,0.0000000000
632,0.198669,0.0000000000,0.0000000000
633,0.195728,0.0000000000,0.0000000000
634,0.197695,0.0000000000,0.0000000000
635,0.194722,0.0000000000,0.0000000000
636,0.199090,0.0000000000,0.0000000000
637,0.196150,0.0000000000,0.0000000000
638,0.198568,0.0000000000,0.0000000000
639,0.197097,0.0000000000,0.0000000000
640,0.197862,0.0000000000,0.0000000000
641,0.198260,0.0000000000,0.0000000000
642,0.195852,0.0000000000,0.0000000000
643,0.197964,0.0000000000,0.0000000000
644,0.198100,0.0000000000,0.0000000000
645,0.195033,0.0000000000,0.0000000000
646,0.195767,0.0000000000,0.0000000000
647,0.196191,0.0000000000,0.0000000000
648,0.196082,0.0000000000,0.0000000000
649,0.198179,0.0000000000,0.0000000000
650,0.196839,0.0000000000,0.0000000000
651,0.198429,0.0000000000,0.0000000000
652,0.196703,0.0000000000,0.0000000000
653,0.198535,0.0000000000,0.0000000000
654,0.197782,0.0000000000,0.0000000000
655,0.198747,0.0000000000,0.0000000000
656,0.198538,0.0000000000,0.0000000000
657,0.197286,0.0000000000,0.0000000000
658,0.199305,0.0000000000,0.0000000000
659,0.195665,0.0000000000,0.0000000000
660,0.198051,0.0000000000,0.0000000000
661,0.196028,0.0000000000,0.0000000000
662,0.196687,0.0000000000,0.0000000000
663,0.199097,0.0000000000,0.0000000000
664,0.196698,0.0000000000,0.0000000000
665,0.197449,0.0000000000,0.0000000000
666,0.198909,0.0000000000,0.0000000000
667,0.198443,0.0000000000,0.0000000000
668,0.195904,0.0000000000,0.0000000000
669,0.198288,0.0000000000,0.0000000000
670,0.197260,0.0000000000,0.0000000000
671,0.196484,0.0000000000,0.0000000000
672,0.197350,0.0000000000,0.0000000000
673,0.196691,0.0000000000,0.0000000000
674,0.197366,0.0000000000,0.0000000000
675,0.196251,0.0000000000,0.0000000000
676,0.196979,0.0000000000,0.0000000000
677,0.199868,0.0000000000,0.0000000000
678,0.197655,0.0000000000,0.0000000000
679,0.196430,0.0000000000,0.0000000000
680,0.196462,0.0000000000,0.0000000000
681,0.196099,0.0000000000,0.0000000000
682,0.198974,0.0000000000,0.0000000000
683,0.194910,0.0000000000,0.0000000000
684,0.194263,0.0000000000,0.0000000000
685,0.198810,0.0000000000,0.0000000000
686,0.198588,0.0000000000,0.0000000000
687,0.193867,0.0000000000,0.0000000000
688,0.198615,0.0000000000,0.0000000000
689,0.197403,0.0000000000,0.0000000000
690,0.198917,0.0000000000,0.0000000000
691,0.198569,0.0000000000,0.0000000000
692,0.198824,0.0000000000,0.0000000000
693,0.195569,0.0000000000,0.0000000000
694,0.193734,0.0000000000,0.0000000000
695,0.197747,0.0000000000,0.0000000000
696,0.197615,0.0000000000,0.0000000000
697,0.198124,0.0000000000,0.0000000000
698,0.196744,0.0000000000,0.0000000000
699,0.193092,0.0000000000,0.0000000000
700,0.198539,0.0000000000,0.0000000000
701,0.195602,0.0000000000,0.0000000000
702,0.197953,0.0000000000,0.0000000000
703,0.196375,0.0000000000,0.0000000000
704,0.195571,0.0000000000,0.0000000000
705,0.197295,0.0000000000,0.0000000000
706,0.198710,0.0000000000,0.0000000000
707,0.196225,0.0000000000,0.0000000000
708,0.195720,0.0000000000,0.0000000000
709,0.193743,0.0000000000,0.0000000000
710,0.195026,0.0000000000,0.0000000000
711,0.197897,0.0000000000,0.0000000000
712,0.191220,0.0000000000,0.0000000000
713,0.196074,0.0000000000,0.0000000000
714,0.197831,0.0000000000,0.0000000000
715,0.197493,0.0000000000,0.0000000000
716,0.195176,0.0000000000,0.0000000000
717,0.197410,0.0000000000,0.0000000000
718,0.194134,0.0000000000,0.0000000000
719,0.197835,0.0000000000,0.0000000000
720,0.194228,0.0000000000,0.0000000000
721,0.198795,0.0000000000,0.0000000000
722,0.193035,0.0000000000,0.0000000000
723,0.197832,0.0000000000,0.0000000000
724,0.197286,0.0000000000,0.0000000000
725,0.197440,0.0000000000,0.0000000000
726,0.198943,0.0000000000,0.0000000000
727,0.193821,0.0000000000,0.0000000000
728,0.197931,0.0000000000,0.0000000000
729,0.197589,0.0000000000,0.0000000000
730,0.197449,0.0000000000,0.0000000000
731,0.198151,0.0000000000,0.0000000000
732,0.194528,0.0000000000,0.0000000000
733,0.198313,0.0000000000,0.0000000000
734,0.197089,0.0000000000,0.0000000000
735,0.196948,0.0000000000,0.0000000000
736,0.198595,0.0000000000,0.0000000000
737,0.197241,0.0000000000,0.0000000000
738,0.195757,0.0000000000,0.0000000000
739,0.195297,0.0000000000,0.0000000000
740,0.196827,0.0000000000,0.0000000000
741,0.196466,0.0000000000,0.0000000000
742,0.199462,0.0000000000,0.0000000000
743,0.198769,0.0000000000,0.0000000000
744,0.192483,0.0000000000,0.0000000000
745,0.194702,0.0000000000,0.0000000000
746,0.198241,0.0000000000,0.0000000000
747,0.197072,0.0000000000,0.0000000000
748,0.197366,0.0000000000,0.0000000000
749,0.190821,0.0000000000,0.0000000000
750,0.196955,0.0000000000,0.0000000000
751,0.197212,0.0000000000,0.0000000000
752,0.195988,0.0000000000,0.0000000000
753,0.197735,0.0000000000,0.0000000000
754,0.198123,0.0000000000,0.0000000000
755,0.194788,0.0000000000,0.0000000000
756,0.198175,0.0000000000,0.0000000000
757,0.194083,0.0000000000,0.0000000000
758,0.194389,0.0000000000,0.0000000000
759,0.197580,0.0000000000,0.0000000000
760,0.197507,0.0000000000,0.0000000000
761,0.196122,0.0000000000,0.0000000000
762,0.197269,0.0000000000,0.0000000000
763,0.198056,0.0000000000,0.0000000000
764,0.198879,0.0000000000,0.0000000000
765,0.196289,0.0000000000,0.0000000000
766,0.197366,0.0000000000,0.0000000000
767,0.199006,0.0000000000,0.0000000000
768,0.196663,0.0000000000,0.0000000000
769,0.197645,0.0000000000,0.0000000000
770,0.195753,0.0000000000,0.0000000000
771,0.195689,0.0000000000,0.0000000000
772,0.195030,0.0000000000,0.0000000000
773,0.198162,0.0000000000,0.0000000000
774,0.198073,0.0000000000,0.0000000000
775,0.197152,0.0000000000,0.0000000000
776,0.190103,0.0000000000,0.0000000000
777,0.196379,0.0000000000,0.0000000000
778,0.195769,0.0000000000,0.0000000000
779,0.193417,0.0000000000,0.0000000000
780,0.195536,0.0000000000,0.0000000000
781,0.197195,0.0000000000,0.0000000000
782,0.196838,0.0000000000,0.0000000000
783,0.197255,0.0000000000,0.0000000000
784,0.198904,0.0000000000,0.0000000000
785,0.197471,0.0000000000,0.0000000000
786,0.198535,0.0000000000,0.0000000000
787,0.196347,0.0000000000,0.0000000000
788,0.195401,0.0000000000,0.0000000000
789,0.194913,0.0000000000,0.0000000000
790,0.196474,0.0000000000,0.0000000000
791,0.199117,0.0000000000,0.0000000000
792,0.197545,0.0000000000,0.0000000000
793,0.197695,0.0000000000,0.0000000000
794,0.197731,0.0000000000,0.0000000000
795,0.199492,0.0000000000,0.0000000000
796,0.195189,0.0000000000,0.0000000000
797,0.199028,0.0000000000,0.0000000000
798,0.196773,0.0000000000,0.0000000000
799,0.196057,0.0000000000,0.0000000000
800,0.198716,0.0000000000,0.0000000000
801,0.199467,0.0000000000,0.0000000000
802,0.194975,0.0000000000,0.0000000000
803,0.199325,0.0000000000,0.0000000000
804,0.197856,0.0000000000,0.0000000000
805,0.199201,0.0000000000,0.0000000000
806,0.196327,0.0000000000,0.0000000000
807,0.198368,0.0000000000,0.0000000000
808,0.196663,0.0000000000,0.0000000000
809,0.197234,0.0000000000,0.0000000000
810,0.199480,0.0000000000,0.0000000000
811,0.197118,0.0000000000,0.0000000000
812,0.194241,0.0000000000,0.0000000000
813,0.194626,0.0000000000,0.0000000000
814,0.197506,0.0000000000,0.0000000000
815,0.197656,0.0000000000,0.0000000000
816,0.197542,0.0000000000,0.0000000000
817,0.199009,0.0000000000,0.0000000000
818,0.199114,0.0000000000,0.0000000000
819,0.196846,0.0000000000,0.0000000000
820,0.195864,0.0000000000,0.0000000000
821,0.198201,0.0000000000,0.0000000000
822,0.195564,0.0000000000,0.0000000000
823,0.195557,0.0000000000,0.0000000000
824,0.195045,0.0000000000,0.0000000000
825,0.197640,0.0000000000,0.0000000000
826,0.197423,0.0000000000,0.0000000000
827,0.196370,0.0000000000,0.0000000000
828,0.197149,0.0000000000,0.0000000000
829,0.199706,0.0000000000,0.0000000000
830,0.196889,0.0000000000,0.0000000000
831,0.198392,0.0000000000,0.0000000000
832,0.196265,0.0000000000,0.0000000000
833,0.198402,0.0000000000,0.0000000000
834,0.194538,0.0000000000,0.0000000000
835,0.197465,0.0000000000,0.0000000000
836,0.195745,0.0000000000,0.0000000000
837,0.198452,0.0000000000,0.0000000000
838,0.194320,0.0000000000,0.0000000000
839,0.193907,0.0000000000,0.0000000000
840,0.197181,0.0000000000,0.0000000000
841,0.197799,0.0000000000,0.0000000000
842,0.196764,0.0000000000,0.0000000000
843,0.195551,0.0000000000,0.0000000000
844,0.199468,0.0000000000,0.0000000000
845,0.195232,0.0000000000,0.0000000000
846,0.196714,0.0000000000,0.0000000000
847,0.196827,0.0000000000,0.0000000000
848,0.198622,0.0000000000,0.0000000000
849,0.198326,0.0000000000,0.0000000000
850,0.199264,0.0000000000,0.0000000000
851,0.198290,0.0000000000,0.0000000000
852,0.198683,0.0000000000,0.0000000000
853,0.198987,0.0000000000,0.0000000000
854,0.197032,0.0000000000,0.0000000000
855,0.199194,0.0000000000,0.0000000000
856,0.196406,0.0000000000,0.0000000000
857,0.197681,0.0000000000,0.0000000000
858,0.198273,0.0000000000,0.0000000000
859,0.199593,0.0000000000,0.0000000000
860,0.196425,0.0000000000,0.0000000000
861,0.197468,0.0000000000,0.0000000000
862,0.198426,0.0000000000,0.0000000000
863,0.194117,0.0000000000,0.0000000000
864,0.197632,0.0000000000,0.0000000000
865,0.196494,0.0000000000,0.0000000000
866,0.199175,0.0000000000,0.0000000000
867,0.198459,0.0000000000,0.0000000000
868,0.197418,0.0000000000,0.0000000000
869,0.197396,0.0000000000,0.0000000000
870,0.195118,0.0000000000,0.0000000000
871,0.191247,0.0000000000,0.0000000000
872,0.197669,0.0000000000,0.0000000000
873,0.197884,0.0000000000,0.0000000000
874,0.192382,0.0000000000,0.0000000000
875,0.198063,0.0000000000,0.0000000000
876,0.197263,0.0000000000,0.0000000000
877,0.197310,0.0000000000,0.0000000000
878,0.199176,0.0000000000,0.0000000000
879,0.199653,0.0000000000,0.0000000000
880,0.199268,0.0000000000,0.0000000000
881,0.198141,0.0000000000,0.0000000000
882,0.198135,0.0000000000,0.0000000000
883,0.197939,0.0000000000,0.0000000000
884,0.194766,0.0000000000,0.0000000000
885,0.196819,0.0000000000,0.0000000000
886,0.197059,0.0000000000,0.0000000000
887,0.196407,0.0000000000,0.0000000000
888,0.198290,0.0000000000,0.0000000000
889,0.197453,0.0000000000,0.0000000000
890,0.196474,0.0000000000,0.0000000000
891,0.199105,0.0000000000,0.0000000000
892,0.193641,0.0000000000,0.0000000000
893,0.198833,0.0000000000,0.0000000000
894,0.195845,0.0000000000,0.0000000000
895,0.199084,0.0000000000,0.0000000000
896,0.199326,0.0000000000,0.0000000000
897,0.198056,0.0000000000,0.0000000000
898,0.194772,0.0000000000,0.0000000000
899,0.197018,0.0000000000,0.0000000000
900,0.195657,0.0000000000,0.0000000000
901,0.194415,0.0000000000,0.0000000000
902,0.193132,0.0000000000,0.0000000000
903,0.198586,0.0000000000,0.0000000000
904,0.195038,0.0000000000,0.0000000000
905,0.196916,0.0000000000,0.0000000000
906,0.196706,0.0000000000,0.0000000000
907,0.198324,0.0000000000,0.0000000000
908,0.198773,0.0000000000,0.0000000000
909,0.198082,0.0000000000,0.0000000000
910,0.198647,0.0000000000,0.0000000000
911,0.195225,0.0000000000,0.0000000000
912,0.196934,0.0000000000,0.0000000000
913,0.193454,0.0000000000,0.0000000000
914,0.197153,0.0000000000,0.0000000000
915,0.195737,0.0000000000,0.0000000000
916,0.197762,0.0000000000,0.0000000000
917,0.195726,0.0000000000,0.0000000000
918,0.195154,0.0000000000,0.0000000000
919,0.198167,0.0000000000,0.0000000000
920,0.196582,0.0000000000,0.0000000000
921,0.197188,0.0000000000,0.0000000000
922,0.195892,0.0000000000,0.0000000000
923,0.196593,0.0000000000,0.0000000000
924,0.191645,0.0000000000,0.0000000000
925,0.194784,0.0000000000,0.0000000000
926,0.196488,0.0000000000,0.0000000000
927,0.198654,0.0000000000,0.0000000000
928,0.198737,0.0000000000,0.0000000000
929,0.197278,0.0000000000,0.0000000000
930,0.198219,0.0000000000,0.0000000000
931,0.198393,0.0000000000,0.0000000000
932,0.195483,0.0000000000,0.0000000000
933,0.194334,0.0000000000,0.0000000000
934,0.198377,0.0000000000,0.0000000000
935,0.196562,0.0000000000,0.0000000000
936,0.196600,0.0000000000,0.0000000000
937,0.196096,0.0000000000,0.0000000000
938,0.196198,0.0000000000,0.0000000000
939,0.199651,0.0000000000,0.0000000000
940,0.198352,0.0000000000,0.0000000000
941,0.198464,0.0000000000,0.0000000000
942,0.197916,0.0000000000,0.0000000000
943,0.196092,0.0000000000,0.0000000000
944,0.193596,0.0000000000,0.0000000000
945,0.196908,0.0000000000,0.0000000000
946,0.198672,0.0000000000,0.0000000000
947,0.196645,0.0000000000,0.0000000000
948,0.197624,0.0000000000,0.0000000000
949,0.199107,0.0000000000,0.0000000000
950,0.197185,0.0000000000,0.0000000000
951,0.197598,0.0000000000,0.0000000000
952,0.197280,0.0000000000,0.0000000000
953,0.195803,0.0000000000,0.0000000000
954,0.198166,0.0000000000,0.0000000000
955,0.196973,0.0000000000,0.0000000000
956,0.194776,0.0000000000,0.0000000000
957,0.195920,0.0000000000,0.0000000000
958,0.194711,0.0000000000,0.0000000000
959,0.193332,0.0000000000,0.0000000000
960,0.197113,0.0000000000,0.0000000000
961,0.198432,0.0000000000,0.0000000000
962,0.195805,0.0000000000,0.0000000000
963,0.196139,0.0000000000,0.0000000000
964,0.198362,0.0000000000,0.0000000000
965,0.197279,0.0000000000,0.0000000000
966,0.198855,0.0000000000,0.0000000000
967,0.198517,0.0000000000,0.0000000000
968,0.197568,0.0000000000,0.0000000000
969,0.197813,0.0000000000,0.0000000000
970,0.193422,0.0000000000,0.0000000000
971,0.197754,0.0000000000,0.0000000000
972,0.197116,0.0000000000,0.0000000000
973,0.198630,0.0000000000,0.0000000000
974,0.198037,0.0000000000,0.0000000000
975,0.196868,0.0000000000,0.0000000000
976,0.198355,0.0000000000,0.0000000000
977,0.196250,0.0000000000,0.0000000000
978,0.195934,0.0000000000,0.0000000000
979,0.197428,0.0000000000,0.0000000000
980,0.196960,0.0000000000,0.0000000000
981,0.198989,0.0000000000,0.0000000000
982,0.195327,0.0000000000,0.0000000000
983,0.198663,0.0000000000,0.0000000000
984,0.193482,0.0000000000,0.0000000000
985,0.199774,0.0000000000,0.0000000000
986,0.198778,0.0000000000,0.0000000000
987,0.191846,0.0000000000,0.0000000000
988,0.194662,0.0000000000,0.0000000000
989,0.192909,0.0000000000,0.0000000000
990,0.199746,0.0000000000,0.0000000000
991,0.195617,0.0000000000,0.0000000000
992,0.197515,0.0000000000,0.0000000000
993,0.196091,0.0000000000,0.0000000000
994,0.196807,0.0000000000,0.0000000000
995,0.196030,0.0000000000,0.0000000000
996,0.195435,0.0000000000,0.0000000000
997,0.194788,0.0000000000,0.0000000000
998,0.195443,0.0000000000,0.0000000000
999,0.197004,0.0000000000,0.0000000000
